Fecha;Documento;Descripción;Operación;Cuota;País;Valor;Saldo Diferido(USD);;;;;;
;;SALDO ANTERIOR A FAVOR;;;;44,69;;;;;;;
;;TOTAL A FAVOR;;;;44,69;;;;;;;
ARCENTALES ARCINIEGA ANDRE SEB 2230-xxxx-xxxx-6211 * PRINCIPAL REEMPLAZO MASTERCARD JOVEN *;;;;;;;;;;;;;
16/12/2024  ;868087;MUNICIPIO DE QUITO INT;CONSUMO;;;25;;;;;;;
24/12/2024  ;757638;MEGAMAXI EL CONDADO LC Q;CONSUMO;;;33,58;;;;;;;
23/12/2024  ;757635;DE PRATI CONDADO Kids Q;CONSUMO;;;9,2;;;;;;;
23/12/2024  ;694932;MISTERBOOKS E;CONSUMO;;;19,5;;;;;;;
7/12/2024;144038;PYCCA EL RECREOA Q;CONSUMO;;;4,97;;;;;;;
13/12/2024  ;302614;MEDICITY LA PAMPA Q;CONSUMO;;;14,32;;;;;;;
13/12/2024  ;302615;MEDICITY LA PAMPA Q;CONSUMO;;;12,68;;;;;;;
24/12/2024  ;757639;EL ESPANOL E025 CONDAD Q;CONSUMO;;;5,75;;;;;;;
30/12/2024  ;983120;FYBECA Q;CONSUMO;;;6,07;;;;;;;
10/12/2024;193792;ROCK YOUR DOGS E;CONSUMO;;;20,5;;;;;;;
8/12/2024;144039;MB-MAYFLOWER BUFFALOS Q;CONSUMO;;;6,99;;;;;;;
11/12/2024;279815;ESTACIONAMIENTOS URBAN Q;CONSUMO;;;2;;;;;;;
24/12/2024  ;757637;MCDONALDS EC KSU G;CONSUMO;;;5,98;;;;;;;
23/12/2024  ;757636;MUMUSO ECUECU Q;CONSUMO;;;7,28;;;;;;;
23/12/2024  ;694933;BATH BODY WORKS Q;CONSUMO;;;12,5;;;;;;;
11/12/2024;211981;GOOGLE *Palette Home S 8;CONSUMO;;;2,99;;;;;;;
11/12/2024;211981;RET IVA SERV DIGITAL 100%;N/D;;;0,45;;;;;;;
11/12/2024;230141;DERMAAID ECUECU Q;CONSUMO;;;145;;;;;;;
13/12/2024  ;354083;METRORED ECU Q;CONSUMO;;;5,2;;;;;;;
